{
  "dataset": "FEMTO",
  "n_seeds": 5,
  "gate_passed_mean": 0.0,
  "gate_passed_std": 0.0,
  "gate_passed_ci95_low": 0.0,
  "gate_passed_ci95_high": 0.0,
  "tstr_applicable_mean": 1.0,
  "tstr_applicable_std": 0.0,
  "tstr_applicable_ci95_low": 1.0,
  "tstr_applicable_ci95_high": 1.0,
  "synthetic_num_classes_mean": 4.0,
  "synthetic_num_classes_std": 0.0,
  "synthetic_num_classes_ci95_low": 4.0,
  "synthetic_num_classes_ci95_high": 4.0,
  "real_num_classes_mean": 4.0,
  "real_num_classes_std": 0.0,
  "real_num_classes_ci95_low": 4.0,
  "real_num_classes_ci95_high": 4.0,
  "tstr_accuracy_mean": 0.2703448275862069,
  "tstr_accuracy_std": 0.02312316880088825,
  "tstr_accuracy_ci95_low": 0.25655172413793104,
  "tstr_accuracy_ci95_high": 0.2908045977011494,
  "tstr_balanced_accuracy_mean": 0.2689799154334038,
  "tstr_balanced_accuracy_std": 0.02355048128448589,
  "tstr_balanced_accuracy_ci95_low": 0.25429704016913324,
  "tstr_balanced_accuracy_ci95_high": 0.28975158562367864,
  "tstr_f1_macro_mean": 0.1976559805664065,
  "tstr_f1_macro_std": 0.07203371357691636,
  "tstr_f1_macro_ci95_low": 0.14369001590615182,
  "tstr_f1_macro_ci95_high": 0.2545154332606378,
  "tstr_mcc_mean": 0.03077127243236146,
  "tstr_mcc_std": 0.03360947646251035,
  "tstr_mcc_ci95_low": 0.009813915471185116,
  "tstr_mcc_ci95_high": 0.05992164507888429,
  "tstr_cross_entropy_mean": 1.394126361129149,
  "tstr_cross_entropy_std": 0.019297259414258923,
  "tstr_cross_entropy_ci95_low": 1.3774693503187674,
  "tstr_cross_entropy_ci95_high": 1.40718289824947,
  "trtr_accuracy_mean": 0.3946360153256705,
  "trtr_accuracy_std": 0.026544839962741415,
  "trtr_accuracy_ci95_low": 0.3739463601532567,
  "trtr_accuracy_ci95_high": 0.4153256704980842,
  "trtr_balanced_accuracy_mean": 0.39632065850815856,
  "trtr_balanced_accuracy_std": 0.026701121136937768,
  "trtr_balanced_accuracy_ci95_low": 0.3755029865967366,
  "trtr_balanced_accuracy_ci95_high": 0.4171383304195804,
  "trtr_f1_macro_mean": 0.38448124994433386,
  "trtr_f1_macro_std": 0.029209017240215848,
  "trtr_f1_macro_ci95_low": 0.3622010667385348,
  "trtr_f1_macro_ci95_high": 0.40676143315013275,
  "trtr_mcc_mean": 0.20007133286955145,
  "trtr_mcc_std": 0.036511081578568964,
  "trtr_mcc_ci95_low": 0.1712456539941052,
  "trtr_mcc_ci95_high": 0.22797662986688852,
  "trtr_cross_entropy_mean": 1.1054301954729744,
  "trtr_cross_entropy_std": 0.060630765268935724,
  "trtr_cross_entropy_ci95_low": 1.0604165065537319,
  "trtr_cross_entropy_ci95_high": 1.1541116291741136,
  "relative_f1_macro_mean": 0.5232863037265962,
  "relative_f1_macro_std": 0.21703734261129895,
  "relative_f1_macro_ci95_low": 0.3595407288134851,
  "relative_f1_macro_ci95_high": 0.7014196860687181,
  "relative_balanced_accuracy_mean": 0.6822163679751082,
  "relative_balanced_accuracy_std": 0.08503779874376924,
  "relative_balanced_accuracy_ci95_low": 0.6166757540190938,
  "relative_balanced_accuracy_ci95_high": 0.7460754734273107,
  "min_relative_f1_mean": 0.8,
  "min_relative_f1_std": 0.0,
  "min_relative_f1_ci95_low": 0.8,
  "min_relative_f1_ci95_high": 0.8,
  "min_relative_balanced_accuracy_mean": 0.8,
  "min_relative_balanced_accuracy_std": 0.0,
  "min_relative_balanced_accuracy_ci95_low": 0.8,
  "min_relative_balanced_accuracy_ci95_high": 0.8,
  "gate_pass_rate": 0.0
}